DocuNo,docudate,shipmentday,custcode,custname,contact,shipdate,creditdays,transpcode,EmpCode,EmpName,goodcode,goodname,invecode,locacode,goodunit,goodqty,goodprice,gooddiscamnt,goodamnt,jobcodehd,jobnamehd,unitrate,VAttype,goodcompare,goodcompareqty,VatRate,SumGoodAmnt,BillDiscFormula,BillAftrDiscAmnt,TotaBaseAmnt,VATAmnt,NetAmnt,vatcode,taxtype,GoodType,saleareacode,saleareaname,departmentcode,departmentname,jobcodedt,jobnamedt,exchdate,CurrCode,CurrName,CurrTypeCode,CurrTypeName,ExchRate,remark1,remark2,remark3
WSOBK6505-01764,01/06/2565,0,QRB2500005,"RBSQ MARKETING CO.,LTD",K.Bunpot,01/06/2565,,,S3-04,Rungtiwa Hemarak,S0805XXXXSCC001,ฮุค-W50-โครเมี่ยม-(เกี่ยวตะแกรง),ML,ML,Pcs,9.0000,0,0,0,QU6505-00044,"QRB2500005/RBSQ Marketing Co.,Ltd./7-11 Cambodia Stock Size L,M,S",1,1,,0,0,0,0,0,0,0,0,NO,3,1,SAI-HO,SAI-HO,SAI-HO,แผนกขายต่างประเทศ - ส่วนงานสำนักงานใหญ่,QU6505-00044,"QRB2500005/RBSQ Marketing Co.,Ltd./7-11 Cambodia Stock Size L,M,S",,,,,,1,,,
WSOBK6505-01764,01/06/2565,0,QRB2500005,"RBSQ MARKETING CO.,LTD",K.Bunpot,01/06/2565,,,S3-04,Rungtiwa Hemarak,S1010535XARI001,อะครีลิค-ครีบข้าง-W1052-D3-H50-ใส,ML,ML,Pcs,4.0000,0,0,0,QU6505-00044,"QRB2500005/RBSQ Marketing Co.,Ltd./7-11 Cambodia Stock Size L,M,S",1,1,,0,0,0,0,0,0,0,0,NO,3,1,SAI-HO,SAI-HO,SAI-HO,แผนกขายต่างประเทศ - ส่วนงานสำนักงานใหญ่,QU6505-00044,"QRB2500005/RBSQ Marketing Co.,Ltd./7-11 Cambodia Stock Size L,M,S",,,,,,1,,,
WSOBK6505-01764,01/06/2565,0,QRB2500005,"RBSQ MARKETING CO.,LTD",K.Bunpot,01/06/2565,,,S3-04,Rungtiwa Hemarak,S1028315XARI001,อะครีลิค-กล่องเสียบสื่อ-W280-D3-H150-ใส,ML,ML,Pcs,2.0000,0,0,0,QU6505-00044,"QRB2500005/RBSQ Marketing Co.,Ltd./7-11 Cambodia Stock Size L,M,S",1,1,,0,0,0,0,0,0,0,0,NO,3,1,SAI-HO,SAI-HO,SAI-HO,แผนกขายต่างประเทศ - ส่วนงานสำนักงานใหญ่,QU6505-00044,"QRB2500005/RBSQ Marketing Co.,Ltd./7-11 Cambodia Stock Size L,M,S",,,,,,1,,,
WSOBK6505-01764,01/06/2565,0,QRB2500005,"RBSQ MARKETING CO.,LTD",K.Bunpot,01/06/2565,,,S3-04,Rungtiwa Hemarak,S10305212XXI001,แผ่นอะครีลิค-W305-H117-D2 หนา2 มิล,ML,ML,Pcs,2.0000,0,0,0,QU6505-00044,"QRB2500005/RBSQ Marketing Co.,Ltd./7-11 Cambodia Stock Size L,M,S",1,1,,0,0,0,0,0,0,0,0,NO,3,1,SAI-HO,SAI-HO,SAI-HO,แผนกขายต่างประเทศ - ส่วนงานสำนักงานใหญ่,QU6505-00044,"QRB2500005/RBSQ Marketing Co.,Ltd./7-11 Cambodia Stock Size L,M,S",,,,,,1,,,
WSOBK6505-01764,01/06/2565,0,QRB2500005,"RBSQ MARKETING CO.,LTD",K.Bunpot,01/06/2565,,,S3-04,Rungtiwa Hemarak,S1540G4XPCXI001,ป้ายราคาแขวนฮุค-W40-GEN4 (บากกลาง),ML,ML,Pcs,9.0000,0,0,0,QU6505-00044,"QRB2500005/RBSQ Marketing Co.,Ltd./7-11 Cambodia Stock Size L,M,S",1,1,,0,0,0,0,0,0,0,0,NO,3,1,SAI-HO,SAI-HO,SAI-HO,แผนกขายต่างประเทศ - ส่วนงานสำนักงานใหญ่,QU6505-00044,"QRB2500005/RBSQ Marketing Co.,Ltd./7-11 Cambodia Stock Size L,M,S",,,,,,1,,,
WSOBK6505-01764,01/06/2565,0,QRB2500005,"RBSQ MARKETING CO.,LTD",K.Bunpot,01/06/2565,,,S3-04,Rungtiwa Hemarak,S1550XXPCBTI001,ป้ายราคาตะแกรง-W50,ML,ML,Pcs,6.0000,0,0,0,QU6505-00044,"QRB2500005/RBSQ Marketing Co.,Ltd./7-11 Cambodia Stock Size L,M,S",1,1,,0,0,0,0,0,0,0,0,NO,3,1,SAI-HO,SAI-HO,SAI-HO,แผนกขายต่างประเทศ - ส่วนงานสำนักงานใหญ่,QU6505-00044,"QRB2500005/RBSQ Marketing Co.,Ltd./7-11 Cambodia Stock Size L,M,S",,,,,,1,,,
WSOBK6505-01764,01/06/2565,0,QRB2500005,"RBSQ MARKETING CO.,LTD",K.Bunpot,01/06/2565,,,S3-04,Rungtiwa Hemarak,S1590XXXG4PCSW1,ป้ายราคาแผ่นชั้น-W900-Gen4,ML,ML,Pcs,3.0000,0,0,0,QU6505-00044,"QRB2500005/RBSQ Marketing Co.,Ltd./7-11 Cambodia Stock Size L,M,S",1,1,,0,0,0,0,0,0,0,0,NO,3,1,SAI-HO,SAI-HO,SAI-HO,แผนกขายต่างประเทศ - ส่วนงานสำนักงานใหญ่,QU6505-00044,"QRB2500005/RBSQ Marketing Co.,Ltd./7-11 Cambodia Stock Size L,M,S",,,,,,1,,,
WSOBK6505-01764,01/06/2565,0,QRB2500005,"RBSQ MARKETING CO.,LTD",K.Bunpot,01/06/2565,,,S3-04,Rungtiwa Hemarak,S17XX50XXBTQ001,แขนรับแผ่นชั้น-D500-สีครีม(ha02-90),ML,ML,Pcs,174.0000,0,0,0,QU6505-00044,"QRB2500005/RBSQ Marketing Co.,Ltd./7-11 Cambodia Stock Size L,M,S",1,1,,0,0,0,0,0,0,0,0,NO,3,1,SAI-HO,SAI-HO,SAI-HO,แผนกขายต่างประเทศ - ส่วนงานสำนักงานใหญ่,QU6505-00044,"QRB2500005/RBSQ Marketing Co.,Ltd./7-11 Cambodia Stock Size L,M,S",,,,,,1,,,
WSOBK6505-01764,01/06/2565,0,QRB2500005,"RBSQ MARKETING CO.,LTD",K.Bunpot,01/06/2565,,,S3-04,Rungtiwa Hemarak,S2180XXRTSHQ001,คาน-รับแผ่นชั้น-W800-CL(ha02-90),ML,ML,Pcs,72.0000,0,0,0,QU6505-00044,"QRB2500005/RBSQ Marketing Co.,Ltd./7-11 Cambodia Stock Size L,M,S",1,1,,0,0,0,0,0,0,0,0,NO,3,1,SAI-HO,SAI-HO,SAI-HO,แผนกขายต่างประเทศ - ส่วนงานสำนักงานใหญ่,QU6505-00044,"QRB2500005/RBSQ Marketing Co.,Ltd./7-11 Cambodia Stock Size L,M,S",,,,,,1,,,
WSOBK6505-01764,01/06/2565,0,QRB2500005,"RBSQ MARKETING CO.,LTD",K.Bunpot,01/06/2565,,,S3-04,Rungtiwa Hemarak,S21XXXXRTUPQ001,คาน-ยึดโครง-สีครีม(ha02-90)-(ล่าง),ML,ML,Pcs,6.0000,0,0,0,QU6505-00044,"QRB2500005/RBSQ Marketing Co.,Ltd./7-11 Cambodia Stock Size L,M,S",1,1,,0,0,0,0,0,0,0,0,NO,3,1,SAI-HO,SAI-HO,SAI-HO,แผนกขายต่างประเทศ - ส่วนงานสำนักงานใหญ่,QU6505-00044,"QRB2500005/RBSQ Marketing Co.,Ltd./7-11 Cambodia Stock Size L,M,S",,,,,,1,,,
WSOBK6505-01764,01/06/2565,0,QRB2500005,"RBSQ MARKETING CO.,LTD",K.Bunpot,01/06/2565,,,S3-04,Rungtiwa Hemarak,S30X23187EDQ001,สเตย์-D23-H1870-สีครีม(ha02-90),ML,ML,Pcs,32.0000,0,0,0,QU6505-00044,"QRB2500005/RBSQ Marketing Co.,Ltd./7-11 Cambodia Stock Size L,M,S",1,1,,0,0,0,0,0,0,0,0,NO,3,1,SAI-HO,SAI-HO,SAI-HO,แผนกขายต่างประเทศ - ส่วนงานสำนักงานใหญ่,QU6505-00044,"QRB2500005/RBSQ Marketing Co.,Ltd./7-11 Cambodia Stock Size L,M,S",,,,,,1,,,
WSOBK6505-01764,01/06/2565,0,QRB2500005,"RBSQ MARKETING CO.,LTD",K.Bunpot,01/06/2565,,,S3-04,Rungtiwa Hemarak,S36385121S7N001,บันได-W385-D510-H210-อะลูมีเนียม-(7ชั้น),ML,ML,Pcs,3.0000,0,0,0,QU6505-00044,"QRB2500005/RBSQ Marketing Co.,Ltd./7-11 Cambodia Stock Size L,M,S",1,1,,0,0,0,0,0,0,0,0,NO,3,1,SAI-HO,SAI-HO,SAI-HO,แผนกขายต่างประเทศ - ส่วนงานสำนักงานใหญ่,QU6505-00044,"QRB2500005/RBSQ Marketing Co.,Ltd./7-11 Cambodia Stock Size L,M,S",,,,,,1,,,
WSOBK6505-01764,01/06/2565,0,QRB2500005,"RBSQ MARKETING CO.,LTD",K.Bunpot,01/06/2565,,,S3-04,Rungtiwa Hemarak,S44861248SKL001,สติ๊กเกอร์Set-sticker-W1250-D120-Blue (Extra)-ชุด,ML,ML,Pcs,3.0000,0,0,0,QU6505-00044,"QRB2500005/RBSQ Marketing Co.,Ltd./7-11 Cambodia Stock Size L,M,S",1,1,,0,0,0,0,0,0,0,0,NO,3,1,SAI-HO,SAI-HO,SAI-HO,แผนกขายต่างประเทศ - ส่วนงานสำนักงานใหญ่,QU6505-00044,"QRB2500005/RBSQ Marketing Co.,Ltd./7-11 Cambodia Stock Size L,M,S",,,,,,1,,,
WSOBK6505-01764,01/06/2565,0,QRB2500005,"RBSQ MARKETING CO.,LTD",K.Bunpot,01/06/2565,,,S3-04,Rungtiwa Hemarak,S0590361SSNC001,ถาดเลื่อนShelf-รางสไลด์-W905-D365-H12.6-Thermidez-White-T1 โครง Stainlee+แผ่นพลาสติก,ML,ML,ชุด,36.0000,0,0,0,QU6505-00044,"QRB2500005/RBSQ Marketing Co.,Ltd./7-11 Cambodia Stock Size L,M,S",2,1,,0,0,0,0,0,0,0,0,NO,3,1,SAI-HO,SAI-HO,SAI-HO,แผนกขายต่างประเทศ - ส่วนงานสำนักงานใหญ่,QU6505-00044,"QRB2500005/RBSQ Marketing Co.,Ltd./7-11 Cambodia Stock Size L,M,S",,,,,,1,,,
WSOBK6505-01764,01/06/2565,0,QRB2500005,"RBSQ MARKETING CO.,LTD",K.Bunpot,01/06/2565,,,S3-04,Rungtiwa Hemarak,S150502XXPCI001,ป้ายราคา-W50-H26-(แขวนสแตนด์น้ำดื่ม),ML,ML,Pcs,6.0000,0,0,0,QU6505-00044,"QRB2500005/RBSQ Marketing Co.,Ltd./7-11 Cambodia Stock Size L,M,S",1,1,,0,0,0,0,0,0,0,0,NO,3,1,SAI-HO,SAI-HO,SAI-HO,แผนกขายต่างประเทศ - ส่วนงานสำนักงานใหญ่,QU6505-00044,"QRB2500005/RBSQ Marketing Co.,Ltd./7-11 Cambodia Stock Size L,M,S",,,,,,1,,,
WSOBK6505-01764,01/06/2565,0,QRB2500005,"RBSQ MARKETING CO.,LTD",K.Bunpot,01/06/2565,,,S3-04,Rungtiwa Hemarak,S16383114MDB009,ลังกล้วย-380-D310-H14-TOA,ML,ML,Pcs,15.0000,0,0,0,QU6505-00044,"QRB2500005/RBSQ Marketing Co.,Ltd./7-11 Cambodia Stock Size L,M,S",1,1,,0,0,0,0,0,0,0,0,NO,3,1,SAI-HO,SAI-HO,SAI-HO,แผนกขายต่างประเทศ - ส่วนงานสำนักงานใหญ่,QU6505-00044,"QRB2500005/RBSQ Marketing Co.,Ltd./7-11 Cambodia Stock Size L,M,S",,,,,,1,,,
WSOBK6505-01764,01/06/2565,0,QRB2500005,"RBSQ MARKETING CO.,LTD",K.Bunpot,01/06/2565,,,S3-04,Rungtiwa Hemarak,KS030002XB,SET-(YB90)-W900-D900-H1420-Wood,ML,ML,Pcs,2.0000,0,0,0,QU6505-00044,"QRB2500005/RBSQ Marketing Co.,Ltd./7-11 Cambodia Stock Size L,M,S",1,1,,0,0,0,0,0,0,0,0,NO,3,1,SAI-HO,SAI-HO,SAI-HO,แผนกขายต่างประเทศ - ส่วนงานสำนักงานใหญ่,QU6505-00044,"QRB2500005/RBSQ Marketing Co.,Ltd./7-11 Cambodia Stock Size L,M,S",,,,,,1,,,
WSOBK6505-01764,01/06/2565,0,QRB2500005,"RBSQ MARKETING CO.,LTD",K.Bunpot,01/06/2565,,,S3-04,Rungtiwa Hemarak,S0512050SWNQ001,แผ่นชั้นShelf-W1200-D500-CL(HA02-90)-(หลังร้าน)-กันตก,ML,ML,Pcs,87.0000,0,0,0,QU6505-00044,"QRB2500005/RBSQ Marketing Co.,Ltd./7-11 Cambodia Stock Size L,M,S",1,1,,0,0,0,0,0,0,0,0,NO,3,1,SAI-HO,SAI-HO,SAI-HO,แผนกขายต่างประเทศ - ส่วนงานสำนักงานใหญ่,QU6505-00044,"QRB2500005/RBSQ Marketing Co.,Ltd./7-11 Cambodia Stock Size L,M,S",,,,,,1,,,
WSOBK6505-01764,01/06/2565,0,QRB2500005,"RBSQ MARKETING CO.,LTD",K.Bunpot,01/06/2565,,,S3-04,Rungtiwa Hemarak,E110ASSEMBLY004,สกรูปลายสว่านหัว JF#8x3/4 ชุบรุ้ง,ML,ML,Pcs,1160.0000,0,0,0,QU6505-00044,"QRB2500005/RBSQ Marketing Co.,Ltd./7-11 Cambodia Stock Size L,M,S",1,1,,0,0,0,0,0,0,0,0,NO,3,1,SAI-HO,SAI-HO,SAI-HO,แผนกขายต่างประเทศ - ส่วนงานสำนักงานใหญ่,QU6505-00044,"QRB2500005/RBSQ Marketing Co.,Ltd./7-11 Cambodia Stock Size L,M,S",,,,,,1,,,
WSOBK6505-01764,01/06/2565,0,QRB2500005,"RBSQ MARKETING CO.,LTD",K.Bunpot,01/06/2565,,,S3-04,Rungtiwa Hemarak,S1540G4SPCXI001,ป้าย-ราคา-W40-(แขวนHook)-บาก 2 ข้าง-Gen4,ML,ML,Pcs,1241.0000,0,0,0,QU6505-00044,"QRB2500005/RBSQ Marketing Co.,Ltd./7-11 Cambodia Stock Size L,M,S",1,1,,0,0,0,0,0,0,0,0,NO,3,1,SAI-HO,SAI-HO,SAI-HO,แผนกขายต่างประเทศ - ส่วนงานสำนักงานใหญ่,QU6505-00044,"QRB2500005/RBSQ Marketing Co.,Ltd./7-11 Cambodia Stock Size L,M,S",,,,,,1,,,
WSOBK6505-01764,01/06/2565,0,QRB2500005,"RBSQ MARKETING CO.,LTD",K.Bunpot,01/06/2565,,,S3-04,Rungtiwa Hemarak,U101286X3ARI001,ครีบข้าง-อะครีลิค-W1248-H86-D3-clear,ML,ML,Pcs,20.0000,0,0,0,QU6505-00044,"QRB2500005/RBSQ Marketing Co.,Ltd./7-11 Cambodia Stock Size L,M,S",1,1,,0,0,0,0,0,0,0,0,NO,3,1,SAI-HO,SAI-HO,SAI-HO,แผนกขายต่างประเทศ - ส่วนงานสำนักงานใหญ่,QU6505-00044,"QRB2500005/RBSQ Marketing Co.,Ltd./7-11 Cambodia Stock Size L,M,S",,,,,,1,,,
WSOBK6505-01764,01/06/2565,0,QRB2500005,"RBSQ MARKETING CO.,LTD",K.Bunpot,01/06/2565,,,S3-04,Rungtiwa Hemarak,S123352RTBHI001,Front Stopper Tray WW-W335-D2.5-H50-Acrylic,ML,ML,Pcs,36.0000,0,0,0,QU6505-00044,"QRB2500005/RBSQ Marketing Co.,Ltd./7-11 Cambodia Stock Size L,M,S",1,1,,0,0,0,0,0,0,0,0,NO,3,1,SAI-HO,SAI-HO,SAI-HO,แผนกขายต่างประเทศ - ส่วนงานสำนักงานใหญ่,QU6505-00044,"QRB2500005/RBSQ Marketing Co.,Ltd./7-11 Cambodia Stock Size L,M,S",,,,,,1,,,
WSOBK6505-01764,01/06/2565,0,QRB2500005,"RBSQ MARKETING CO.,LTD",K.Bunpot,01/06/2565,,,S3-04,Rungtiwa Hemarak,S1553XXPCSHA001,ป้ายราคา-W530-(สแตนด์น้ำดื่ม)-(SSV26-WHR-530),ML,ML,Pcs,6.0000,0,0,0,QU6505-00044,"QRB2500005/RBSQ Marketing Co.,Ltd./7-11 Cambodia Stock Size L,M,S",1,1,,0,0,0,0,0,0,0,0,NO,3,1,SAI-HO,SAI-HO,SAI-HO,แผนกขายต่างประเทศ - ส่วนงานสำนักงานใหญ่,QU6505-00044,"QRB2500005/RBSQ Marketing Co.,Ltd./7-11 Cambodia Stock Size L,M,S",,,,,,1,,,
WSOBK6505-01764,01/06/2565,0,QRB2500005,"RBSQ MARKETING CO.,LTD",K.Bunpot,01/06/2565,,,S3-04,Rungtiwa Hemarak,U15335XPCSHI001,ป้ายราคา-W335-แผ่นชั้น-หน้าใส-Gen4,ML,ML,Pcs,36.0000,0,0,0,QU6505-00044,"QRB2500005/RBSQ Marketing Co.,Ltd./7-11 Cambodia Stock Size L,M,S",1,1,,0,0,0,0,0,0,0,0,NO,3,1,SAI-HO,SAI-HO,SAI-HO,แผนกขายต่างประเทศ - ส่วนงานสำนักงานใหญ่,QU6505-00044,"QRB2500005/RBSQ Marketing Co.,Ltd./7-11 Cambodia Stock Size L,M,S",,,,,,1,,,
WSOBK6505-01764,01/06/2565,0,QRB2500005,"RBSQ MARKETING CO.,LTD",K.Bunpot,01/06/2565,,,S3-04,Rungtiwa Hemarak,S15285XPCSHI001,ป้ายราคา-W285-แผ่นชั้น-หน้าใส-Gen4,ML,ML,Pcs,6.0000,0,0,0,QU6505-00044,"QRB2500005/RBSQ Marketing Co.,Ltd./7-11 Cambodia Stock Size L,M,S",1,1,,0,0,0,0,0,0,0,0,NO,3,1,SAI-HO,SAI-HO,SAI-HO,แผนกขายต่างประเทศ - ส่วนงานสำนักงานใหญ่,QU6505-00044,"QRB2500005/RBSQ Marketing Co.,Ltd./7-11 Cambodia Stock Size L,M,S",,,,,,1,,,
WSOBK6505-01764,01/06/2565,0,QRB2500005,"RBSQ MARKETING CO.,LTD",K.Bunpot,01/06/2565,,,S3-04,Rungtiwa Hemarak,S01X60155XFQ001,เสา-F-D600-H1550-CL(ha-02-90)-(ห้องเย็น),ML,ML,Pcs,9.0000,0,0,0,QU6505-00044,"QRB2500005/RBSQ Marketing Co.,Ltd./7-11 Cambodia Stock Size L,M,S",1,1,,0,0,0,0,0,0,0,0,NO,3,1,SAI-HO,SAI-HO,SAI-HO,แผนกขายต่างประเทศ - ส่วนงานสำนักงานใหญ่,QU6505-00044,"QRB2500005/RBSQ Marketing Co.,Ltd./7-11 Cambodia Stock Size L,M,S",,,,,,1,,,
WSOBK6505-01764,01/06/2565,0,QRB2500005,"RBSQ MARKETING CO.,LTD",K.Bunpot,01/06/2565,,,S3-04,Rungtiwa Hemarak,U103411X2ARI001,แผ่นอะครีลิค-W345-H119-D2-THK2mm-clear,ML,ML,Pcs,20.0000,0,0,0,QU6505-00044,"QRB2500005/RBSQ Marketing Co.,Ltd./7-11 Cambodia Stock Size L,M,S",1,1,,0,0,0,0,0,0,0,0,NO,3,1,SAI-HO,SAI-HO,SAI-HO,แผนกขายต่างประเทศ - ส่วนงานสำนักงานใหญ่,QU6505-00044,"QRB2500005/RBSQ Marketing Co.,Ltd./7-11 Cambodia Stock Size L,M,S",,,,,,1,,,
WSOBK6505-01764,01/06/2565,0,QRB2500005,"RBSQ MARKETING CO.,LTD",K.Bunpot,01/06/2565,,,S3-04,Rungtiwa Hemarak,FAC115XXXX00633,หัวน็อต-M8x1.25 -ชุบขาว,ML,ML,Pcs,42.0000,0,0,0,QU6505-00044,"QRB2500005/RBSQ Marketing Co.,Ltd./7-11 Cambodia Stock Size L,M,S",1,1,,0,0,0,0,0,0,0,0,NO,3,1,SAI-HO,SAI-HO,SAI-HO,แผนกขายต่างประเทศ - ส่วนงานสำนักงานใหญ่,QU6505-00044,"QRB2500005/RBSQ Marketing Co.,Ltd./7-11 Cambodia Stock Size L,M,S",,,,,,1,,,
WSOBK6505-01764,01/06/2565,0,QRB2500005,"RBSQ MARKETING CO.,LTD",K.Bunpot,01/06/2565,,,S3-04,Rungtiwa Hemarak,FAC115XXXX00838,สกรูหัวหกเหลี่ยมมิลขาว M8x1.25x20mm.,ML,ML,Pcs,42.0000,0,0,0,QU6505-00044,"QRB2500005/RBSQ Marketing Co.,Ltd./7-11 Cambodia Stock Size L,M,S",1,1,,0,0,0,0,0,0,0,0,NO,3,1,SAI-HO,SAI-HO,SAI-HO,แผนกขายต่างประเทศ - ส่วนงานสำนักงานใหญ่,QU6505-00044,"QRB2500005/RBSQ Marketing Co.,Ltd./7-11 Cambodia Stock Size L,M,S",,,,,,1,,,
WSOBK6505-01764,01/06/2565,0,QRB2500005,"RBSQ MARKETING CO.,LTD",K.Bunpot,01/06/2565,,,S3-04,Rungtiwa Hemarak,FAC115XXXX00280,แหวนอีแปะชุบขาว M8(8x18x1.2),ML,ML,Pcs,42.0000,0,0,0,QU6505-00044,"QRB2500005/RBSQ Marketing Co.,Ltd./7-11 Cambodia Stock Size L,M,S",1,1,,0,0,0,0,0,0,0,0,NO,3,1,SAI-HO,SAI-HO,SAI-HO,แผนกขายต่างประเทศ - ส่วนงานสำนักงานใหญ่,QU6505-00044,"QRB2500005/RBSQ Marketing Co.,Ltd./7-11 Cambodia Stock Size L,M,S",,,,,,1,,,
WSOBK6505-01764,01/06/2565,0,QRB2500005,"RBSQ MARKETING CO.,LTD",K.Bunpot,01/06/2565,,,S3-04,Rungtiwa Hemarak,S128963RTBHI001,กันตก-W896-D3-H50mm.-อะครีลิค-(หนา2.5mm.),ML,ML,Pcs,6.0000,0,0,0,QU6505-00044,"QRB2500005/RBSQ Marketing Co.,Ltd./7-11 Cambodia Stock Size L,M,S",1,1,,0,0,0,0,0,0,0,0,NO,3,1,SAI-HO,SAI-HO,SAI-HO,แผนกขายต่างประเทศ - ส่วนงานสำนักงานใหญ่,QU6505-00044,"QRB2500005/RBSQ Marketing Co.,Ltd./7-11 Cambodia Stock Size L,M,S",,,,,,1,,,
WSOBK6505-01764,01/06/2565,0,QRB2500005,"RBSQ MARKETING CO.,LTD",K.Bunpot,01/06/2565,,,S3-04,Rungtiwa Hemarak,E112RESPRAY4038,สีสเปรย์-TOA-NA81-20-Black,ML,ML,Pcs,6.0000,0,0,0,QU6505-00044,"QRB2500005/RBSQ Marketing Co.,Ltd./7-11 Cambodia Stock Size L,M,S",1,1,,0,0,0,0,0,0,0,0,NO,3,1,SAI-HO,SAI-HO,SAI-HO,แผนกขายต่างประเทศ - ส่วนงานสำนักงานใหญ่,QU6505-00044,"QRB2500005/RBSQ Marketing Co.,Ltd./7-11 Cambodia Stock Size L,M,S",,,,,,1,,,
WSOBK6505-01764,01/06/2565,0,QRB2500005,"RBSQ MARKETING CO.,LTD",K.Bunpot,01/06/2565,,,S3-04,Rungtiwa Hemarak,E112RESPRAY2474,สีสเปรย์-สีสเปรย์-TOA-PC-PE GA22-90 - สี White(ca22-90),ML,ML,กระป๋อง,6.0000,0,0,0,QU6505-00044,"QRB2500005/RBSQ Marketing Co.,Ltd./7-11 Cambodia Stock Size L,M,S",1,1,,0,0,0,0,0,0,0,0,NO,3,1,SAI-HO,SAI-HO,SAI-HO,แผนกขายต่างประเทศ - ส่วนงานสำนักงานใหญ่,QU6505-00044,"QRB2500005/RBSQ Marketing Co.,Ltd./7-11 Cambodia Stock Size L,M,S",,,,,,1,,,
WSOBK6505-01764,01/06/2565,0,QRB2500005,"RBSQ MARKETING CO.,LTD",K.Bunpot,01/06/2565,,,S3-04,Rungtiwa Hemarak,S0990XG5XRTXXHN,บาร์Bar-W900- ( Ellipse)Black(TOA PC MPNA37-10)-GEN5,ML,ML,Pcs,113.0000,0,0,0,QU6505-00044,"QRB2500005/RBSQ Marketing Co.,Ltd./7-11 Cambodia Stock Size L,M,S",1,1,,0,0,0,0,0,0,0,0,NO,3,1,SAI-HO,SAI-HO,SAI-HO,แผนกขายต่างประเทศ - ส่วนงานสำนักงานใหญ่,QU6505-00044,"QRB2500005/RBSQ Marketing Co.,Ltd./7-11 Cambodia Stock Size L,M,S",,,,,,1,,,
WSOBK6505-01764,01/06/2565,0,QRB2500005,"RBSQ MARKETING CO.,LTD",K.Bunpot,01/06/2565,,,S3-04,Rungtiwa Hemarak,S0690G545WRXXHN,ผนังหลังโปร่งหลังBack Panel-Wire Grid-W900-H450-Black(TOA PC MPNA37-10)-GEN5,ML,ML,Pcs,146.0000,0,0,0,QU6505-00044,"QRB2500005/RBSQ Marketing Co.,Ltd./7-11 Cambodia Stock Size L,M,S",1,1,,0,0,0,0,0,0,0,0,NO,3,1,SAI-HO,SAI-HO,SAI-HO,แผนกขายต่างประเทศ - ส่วนงานสำนักงานใหญ่,QU6505-00044,"QRB2500005/RBSQ Marketing Co.,Ltd./7-11 Cambodia Stock Size L,M,S",,,,,,1,,,
WSOBK6505-01764,01/06/2565,0,QRB2500005,"RBSQ MARKETING CO.,LTD",K.Bunpot,01/06/2565,,,S3-04,Rungtiwa Hemarak,S0660G545WRXXHN,Back Panel Wire Grid-W600-H450-Black(TOA PC MPNA37-10)-Gen5,ML,ML,Pcs,44.0000,0,0,0,QU6505-00044,"QRB2500005/RBSQ Marketing Co.,Ltd./7-11 Cambodia Stock Size L,M,S",1,1,,0,0,0,0,0,0,0,0,NO,3,1,SAI-HO,SAI-HO,SAI-HO,แผนกขายต่างประเทศ - ส่วนงานสำนักงานใหญ่,QU6505-00044,"QRB2500005/RBSQ Marketing Co.,Ltd./7-11 Cambodia Stock Size L,M,S",,,,,,1,,,
WSOBK6505-01764,01/06/2565,0,QRB2500005,"RBSQ MARKETING CO.,LTD",K.Bunpot,01/06/2565,,,S3-04,Rungtiwa Hemarak,S01P1G5H1165XHN,Pole-I-(H Hold)-(19x38)-H1650-Black(TOA PC MPNA37-10)-(มีรูเสาด้านเดียว),ML,ML,Pcs,65.0000,0,0,0,QU6505-00044,"QRB2500005/RBSQ Marketing Co.,Ltd./7-11 Cambodia Stock Size L,M,S",1,1,,0,0,0,0,0,0,0,0,NO,3,1,SAI-HO,SAI-HO,SAI-HO,แผนกขายต่างประเทศ - ส่วนงานสำนักงานใหญ่,QU6505-00044,"QRB2500005/RBSQ Marketing Co.,Ltd./7-11 Cambodia Stock Size L,M,S",,,,,,1,,,
WSOBK6505-01764,01/06/2565,0,QRB2500005,"RBSQ MARKETING CO.,LTD",K.Bunpot,01/06/2565,,,S3-04,Rungtiwa Hemarak,S0815D4G52RBXHN,ฮุกHook-W150-Dia.4mm.-(2 deck)-Black(TOA PC MPNA37-10)(W/Name)-GEN5,ML,ML,Pcs,1065.0000,0,0,0,QU6505-00044,"QRB2500005/RBSQ Marketing Co.,Ltd./7-11 Cambodia Stock Size L,M,S",1,1,,0,0,0,0,0,0,0,0,NO,3,1,SAI-HO,SAI-HO,SAI-HO,แผนกขายต่างประเทศ - ส่วนงานสำนักงานใหญ่,QU6505-00044,"QRB2500005/RBSQ Marketing Co.,Ltd./7-11 Cambodia Stock Size L,M,S",,,,,,1,,,
WSOBK6505-01764,01/06/2565,0,QRB2500005,"RBSQ MARKETING CO.,LTD",K.Bunpot,01/06/2565,,,S3-04,Rungtiwa Hemarak,S4412587BSKO001,สติ๊กเกอร์Set-Sticker-W1250-D10-Book Smile-Orange-Wire Wing-Stationary-7-11,ML,ML,Pcs,3.0000,0,0,0,QU6505-00044,"QRB2500005/RBSQ Marketing Co.,Ltd./7-11 Cambodia Stock Size L,M,S",1,1,,0,0,0,0,0,0,0,0,NO,3,1,SAI-HO,SAI-HO,SAI-HO,แผนกขายต่างประเทศ - ส่วนงานสำนักงานใหญ่,QU6505-00044,"QRB2500005/RBSQ Marketing Co.,Ltd./7-11 Cambodia Stock Size L,M,S",,,,,,1,,,
WSOBK6505-01764,01/06/2565,0,QRB2500005,"RBSQ MARKETING CO.,LTD",K.Bunpot,01/06/2565,,,S3-04,Rungtiwa Hemarak,S15119XXXXXI001,ป้ายราคา-ลังกล้วยหอม-W110-H90-ใส-PVC-ติดกาว2หน้า สีดำ,ML,ML,Pcs,15.0000,0,0,0,QU6505-00044,"QRB2500005/RBSQ Marketing Co.,Ltd./7-11 Cambodia Stock Size L,M,S",1,1,,0,0,0,0,0,0,0,0,NO,3,1,SAI-HO,SAI-HO,SAI-HO,แผนกขายต่างประเทศ - ส่วนงานสำนักงานใหญ่,QU6505-00044,"QRB2500005/RBSQ Marketing Co.,Ltd./7-11 Cambodia Stock Size L,M,S",,,,,,1,,,
WSOBK6505-01764,01/06/2565,0,QRB2500005,"RBSQ MARKETING CO.,LTD",K.Bunpot,01/06/2565,,,S3-04,Rungtiwa Hemarak,CP090001XA,ถาดฟิคShelf-FIX-Thermedez-W930-D360-H10-White-With Bracket Fix,ML,ML,Pcs,33.0000,0,0,0,QU6505-00044,"QRB2500005/RBSQ Marketing Co.,Ltd./7-11 Cambodia Stock Size L,M,S",1,1,,0,0,0,0,0,0,0,0,NO,3,1,SAI-HO,SAI-HO,SAI-HO,แผนกขายต่างประเทศ - ส่วนงานสำนักงานใหญ่,QU6505-00044,"QRB2500005/RBSQ Marketing Co.,Ltd./7-11 Cambodia Stock Size L,M,S",,,,,,1,,,
WSOBK6505-01764,01/06/2565,0,QRB2500005,"RBSQ MARKETING CO.,LTD",K.Bunpot,01/06/2565,,,S3-04,Rungtiwa Hemarak,E617IMPROVE1576,ค่าโฟมกันกระแทกลังกล้วยหอม,ML,ML,Pcs,15.0000,0,0,0,QU6505-00044,"QRB2500005/RBSQ Marketing Co.,Ltd./7-11 Cambodia Stock Size L,M,S",1,1,,0,0,0,0,0,0,0,0,NO,3,1,SAI-HO,SAI-HO,SAI-HO,แผนกขายต่างประเทศ - ส่วนงานสำนักงานใหญ่,QU6505-00044,"QRB2500005/RBSQ Marketing Co.,Ltd./7-11 Cambodia Stock Size L,M,S",,,,,,1,,,
WSOBK6505-01764,01/06/2565,0,QRB2500005,"RBSQ MARKETING CO.,LTD",K.Bunpot,01/06/2565,,,S3-04,Rungtiwa Hemarak,E617IMPROVE2492,สติ๊กเกอร์Sticker ห้ามเหยียบ 7-11,ML,ML,Pcs,64.0000,0,0,0,QU6505-00044,"QRB2500005/RBSQ Marketing Co.,Ltd./7-11 Cambodia Stock Size L,M,S",1,1,,0,0,0,0,0,0,0,0,NO,3,1,SAI-HO,SAI-HO,SAI-HO,แผนกขายต่างประเทศ - ส่วนงานสำนักงานใหญ่,QU6505-00044,"QRB2500005/RBSQ Marketing Co.,Ltd./7-11 Cambodia Stock Size L,M,S",,,,,,1,,,
WSOBK6505-01764,01/06/2565,0,QRB2500005,"RBSQ MARKETING CO.,LTD",K.Bunpot,01/06/2565,,,S3-04,Rungtiwa Hemarak,U0865XXX2BTXXHN,Hook-2Step-D65-BLACK(TOA PC MPNA37-10),ML,ML,Pcs,154.0000,0,0,0,QU6505-00044,"QRB2500005/RBSQ Marketing Co.,Ltd./7-11 Cambodia Stock Size L,M,S",1,1,,0,0,0,0,0,0,0,0,NO,3,1,SAI-HO,SAI-HO,SAI-HO,แผนกขายต่างประเทศ - ส่วนงานสำนักงานใหญ่,QU6505-00044,"QRB2500005/RBSQ Marketing Co.,Ltd./7-11 Cambodia Stock Size L,M,S",,,,,,1,,,
WSOBK6505-01764,01/06/2565,0,QRB2500005,"RBSQ MARKETING CO.,LTD",K.Bunpot,01/06/2565,,,S3-04,Rungtiwa Hemarak,SETD5730113XXHN,ชุด Stand-W570-D300-H1135-(น้ำดื่ม)-BLACK(TOA PC MPNA37-10),ML,ML,Pcs,3.0000,0,0,0,QU6505-00044,"QRB2500005/RBSQ Marketing Co.,Ltd./7-11 Cambodia Stock Size L,M,S",1,1,,0,0,0,0,0,0,0,0,NO,3,1,SAI-HO,SAI-HO,SAI-HO,แผนกขายต่างประเทศ - ส่วนงานสำนักงานใหญ่,QU6505-00044,"QRB2500005/RBSQ Marketing Co.,Ltd./7-11 Cambodia Stock Size L,M,S",,,,,,1,,,
WSOBK6505-01764,01/06/2565,0,QRB2500005,"RBSQ MARKETING CO.,LTD",K.Bunpot,01/06/2565,,,S3-04,Rungtiwa Hemarak,U443510142XXXHN,WireWing Structure-W350-D100-H1420-Black(TOA PC MPNA37-10),ML,ML,Pcs,10.0000,0,0,0,QU6505-00044,"QRB2500005/RBSQ Marketing Co.,Ltd./7-11 Cambodia Stock Size L,M,S",1,1,,0,0,0,0,0,0,0,0,NO,3,1,SAI-HO,SAI-HO,SAI-HO,แผนกขายต่างประเทศ - ส่วนงานสำนักงานใหญ่,QU6505-00044,"QRB2500005/RBSQ Marketing Co.,Ltd./7-11 Cambodia Stock Size L,M,S",,,,,,1,,,
WSOBK6505-01764,01/06/2565,0,QRB2500005,"RBSQ MARKETING CO.,LTD",K.Bunpot,01/06/2565,,,S3-04,Rungtiwa Hemarak,S47203057XG4XHN,Wire Wing Hook-W20-D30-h57-Black(TOA PC MPNA37-10),ML,ML,Pcs,10.0000,0,0,0,QU6505-00044,"QRB2500005/RBSQ Marketing Co.,Ltd./7-11 Cambodia Stock Size L,M,S",1,1,,0,0,0,0,0,0,0,0,NO,3,1,SAI-HO,SAI-HO,SAI-HO,แผนกขายต่างประเทศ - ส่วนงานสำนักงานใหญ่,QU6505-00044,"QRB2500005/RBSQ Marketing Co.,Ltd./7-11 Cambodia Stock Size L,M,S",,,,,,1,,,
WSOBK6505-01764,01/06/2565,0,QRB2500005,"RBSQ MARKETING CO.,LTD",K.Bunpot,01/06/2565,,,S3-04,Rungtiwa Hemarak,S22316142CMXHN,Structure StandCard-W310-D63-H1420-BLACK(TOA PC MPNA37-10),ML,ML,Pcs,2.0000,0,0,0,QU6505-00044,"QRB2500005/RBSQ Marketing Co.,Ltd./7-11 Cambodia Stock Size L,M,S",1,1,,0,0,0,0,0,0,0,0,NO,3,1,SAI-HO,SAI-HO,SAI-HO,แผนกขายต่างประเทศ - ส่วนงานสำนักงานใหญ่,QU6505-00044,"QRB2500005/RBSQ Marketing Co.,Ltd./7-11 Cambodia Stock Size L,M,S",,,,,,1,,,
WSOBK6505-01764,01/06/2565,0,QRB2500005,"RBSQ MARKETING CO.,LTD",K.Bunpot,01/06/2565,,,S3-04,Rungtiwa Hemarak,U22338710XXXXHN,Shelf Wire Wing-W335-D87-H100-Black(TOA PC MPNA37-10),ML,ML,Pcs,36.0000,0,0,0,QU6505-00044,"QRB2500005/RBSQ Marketing Co.,Ltd./7-11 Cambodia Stock Size L,M,S",1,1,,0,0,0,0,0,0,0,0,NO,3,1,SAI-HO,SAI-HO,SAI-HO,แผนกขายต่างประเทศ - ส่วนงานสำนักงานใหญ่,QU6505-00044,"QRB2500005/RBSQ Marketing Co.,Ltd./7-11 Cambodia Stock Size L,M,S",,,,,,1,,,
WSOBK6505-01764,01/06/2565,0,QRB2500005,"RBSQ MARKETING CO.,LTD",K.Bunpot,01/06/2565,,,S3-04,Rungtiwa Hemarak,S17201551XG4XHN,Wire Wing Bracket-W20-D15-H51-Black(TOA PC MPNA37-10),ML,ML,Pcs,10.0000,0,0,0,QU6505-00044,"QRB2500005/RBSQ Marketing Co.,Ltd./7-11 Cambodia Stock Size L,M,S",1,1,,0,0,0,0,0,0,0,0,NO,3,1,SAI-HO,SAI-HO,SAI-HO,แผนกขายต่างประเทศ - ส่วนงานสำนักงานใหญ่,QU6505-00044,"QRB2500005/RBSQ Marketing Co.,Ltd./7-11 Cambodia Stock Size L,M,S",,,,,,1,,,
WSOBK6505-01764,01/06/2565,0,QRB2500005,"RBSQ MARKETING CO.,LTD",K.Bunpot,01/06/2565,,,S3-04,Rungtiwa Hemarak,S059020G5NOXXAY,แผ่นชั้น-W900-D200-H8-White(TOA PC MP2472-10)(แผ่นบากหลังซ้าย-ขวา)-GEN5,ML,ML,Pcs,57.0000,0,0,0,QU6505-00044,"QRB2500005/RBSQ Marketing Co.,Ltd./7-11 Cambodia Stock Size L,M,S",1,1,,0,0,0,0,0,0,0,0,NO,3,1,SAI-HO,SAI-HO,SAI-HO,แผนกขายต่างประเทศ - ส่วนงานสำนักงานใหญ่,QU6505-00044,"QRB2500005/RBSQ Marketing Co.,Ltd./7-11 Cambodia Stock Size L,M,S",,,,,,1,,,
WSOBK6505-01764,01/06/2565,0,QRB2500005,"RBSQ MARKETING CO.,LTD",K.Bunpot,01/06/2565,,,S3-04,Rungtiwa Hemarak,S059040G5NOXXAY,แผ่นชั้นShelf-W900-D400-H8-White(TOA PC MP2472-10)(mark on left and right)-GEN5,ML,ML,Pcs,66.0000,0,0,0,QU6505-00044,"QRB2500005/RBSQ Marketing Co.,Ltd./7-11 Cambodia Stock Size L,M,S",1,1,,0,0,0,0,0,0,0,0,NO,3,1,SAI-HO,SAI-HO,SAI-HO,แผนกขายต่างประเทศ - ส่วนงานสำนักงานใหญ่,QU6505-00044,"QRB2500005/RBSQ Marketing Co.,Ltd./7-11 Cambodia Stock Size L,M,S",,,,,,1,,,
WSOBK6505-01764,01/06/2565,0,QRB2500005,"RBSQ MARKETING CO.,LTD",K.Bunpot,01/06/2565,,,S3-04,Rungtiwa Hemarak,S0660G568WRXXHN,Back Panel-Wire Grid-W600-H680-Black(TOA PC MPNA37-10)-GEN5,ML,ML,Pcs,22.0000,0,0,0,QU6505-00044,"QRB2500005/RBSQ Marketing Co.,Ltd./7-11 Cambodia Stock Size L,M,S",1,1,,0,0,0,0,0,0,0,0,NO,3,1,SAI-HO,SAI-HO,SAI-HO,แผนกขายต่างประเทศ - ส่วนงานสำนักงานใหญ่,QU6505-00044,"QRB2500005/RBSQ Marketing Co.,Ltd./7-11 Cambodia Stock Size L,M,S",,,,,,1,,,
WSOBK6505-01764,01/06/2565,0,QRB2500005,"RBSQ MARKETING CO.,LTD",K.Bunpot,01/06/2565,,,S3-04,Rungtiwa Hemarak,S0690G568WRXXHN,Back Panel-Wire Grid-W900-H680-Black(TOA PC MPNA37-10)-GEN5,ML,ML,Pcs,73.0000,0,0,0,QU6505-00044,"QRB2500005/RBSQ Marketing Co.,Ltd./7-11 Cambodia Stock Size L,M,S",1,1,,0,0,0,0,0,0,0,0,NO,3,1,SAI-HO,SAI-HO,SAI-HO,แผนกขายต่างประเทศ - ส่วนงานสำนักงานใหญ่,QU6505-00044,"QRB2500005/RBSQ Marketing Co.,Ltd./7-11 Cambodia Stock Size L,M,S",,,,,,1,,,
WSOBK6505-01764,01/06/2565,0,QRB2500005,"RBSQ MARKETING CO.,LTD",K.Bunpot,01/06/2565,,,S3-04,Rungtiwa Hemarak,KS030013XB,ตู้คัดสรรShelf Bakery KTตั้งพื้น-W900-D450-H1420-Wood-With LED,ML,ML,Pcs,2.0000,0,0,0,QU6505-00044,"QRB2500005/RBSQ Marketing Co.,Ltd./7-11 Cambodia Stock Size L,M,S",1,1,,0,0,0,0,0,0,0,0,NO,3,1,SAI-HO,SAI-HO,SAI-HO,แผนกขายต่างประเทศ - ส่วนงานสำนักงานใหญ่,QU6505-00044,"QRB2500005/RBSQ Marketing Co.,Ltd./7-11 Cambodia Stock Size L,M,S",,,,,,1,,,
WSOBK6505-01764,01/06/2565,0,QRB2500005,"RBSQ MARKETING CO.,LTD",K.Bunpot,01/06/2565,,,S3-04,Rungtiwa Hemarak,S0290G5FLTBXXHN,Bottom Connector Beam-W900-Black(TOA PC MPNA37-10),ML,ML,Pcs,89.0000,0,0,0,QU6505-00044,"QRB2500005/RBSQ Marketing Co.,Ltd./7-11 Cambodia Stock Size L,M,S",1,1,,0,0,0,0,0,0,0,0,NO,3,1,SAI-HO,SAI-HO,SAI-HO,แผนกขายต่างประเทศ - ส่วนงานสำนักงานใหญ่,QU6505-00044,"QRB2500005/RBSQ Marketing Co.,Ltd./7-11 Cambodia Stock Size L,M,S",,,,,,1,,,
WSOBK6505-01764,01/06/2565,0,QRB2500005,"RBSQ MARKETING CO.,LTD",K.Bunpot,01/06/2565,,,S3-04,Rungtiwa Hemarak,S0260G5FLTPXXHN,Top Connector Beam-W600-Black(TOA PC MPNA37-10),ML,ML,Pcs,22.0000,0,0,0,QU6505-00044,"QRB2500005/RBSQ Marketing Co.,Ltd./7-11 Cambodia Stock Size L,M,S",1,1,,0,0,0,0,0,0,0,0,NO,3,1,SAI-HO,SAI-HO,SAI-HO,แผนกขายต่างประเทศ - ส่วนงานสำนักงานใหญ่,QU6505-00044,"QRB2500005/RBSQ Marketing Co.,Ltd./7-11 Cambodia Stock Size L,M,S",,,,,,1,,,
WSOBK6505-01764,01/06/2565,0,QRB2500005,"RBSQ MARKETING CO.,LTD",K.Bunpot,01/06/2565,,,S3-04,Rungtiwa Hemarak,S0260G5FLTBXXHN,Bottom Connector Beam-W600-Black(TOA PC MPNA37-10),ML,ML,Pcs,22.0000,0,0,0,QU6505-00044,"QRB2500005/RBSQ Marketing Co.,Ltd./7-11 Cambodia Stock Size L,M,S",1,1,,0,0,0,0,0,0,0,0,NO,3,1,SAI-HO,SAI-HO,SAI-HO,แผนกขายต่างประเทศ - ส่วนงานสำนักงานใหญ่,QU6505-00044,"QRB2500005/RBSQ Marketing Co.,Ltd./7-11 Cambodia Stock Size L,M,S",,,,,,1,,,
WSOBK6505-01764,01/06/2565,0,QRB2500005,"RBSQ MARKETING CO.,LTD",K.Bunpot,01/06/2565,,,S3-04,Rungtiwa Hemarak,S0290G5FLTPXXHN,Top Connector Beam-W900-Black(TOA PC MPNA37-10),ML,ML,Pcs,89.0000,0,0,0,QU6505-00044,"QRB2500005/RBSQ Marketing Co.,Ltd./7-11 Cambodia Stock Size L,M,S",1,1,,0,0,0,0,0,0,0,0,NO,3,1,SAI-HO,SAI-HO,SAI-HO,แผนกขายต่างประเทศ - ส่วนงานสำนักงานใหญ่,QU6505-00044,"QRB2500005/RBSQ Marketing Co.,Ltd./7-11 Cambodia Stock Size L,M,S",,,,,,1,,,
WSOBK6505-01764,01/06/2565,0,QRB2500005,"RBSQ MARKETING CO.,LTD",K.Bunpot,01/06/2565,,,S3-04,Rungtiwa Hemarak,S21HB060G5XXXHN,H Beam-W600-Black(TOA PC MPNA37-10),ML,ML,Pcs,44.0000,0,0,0,QU6505-00044,"QRB2500005/RBSQ Marketing Co.,Ltd./7-11 Cambodia Stock Size L,M,S",1,1,,0,0,0,0,0,0,0,0,NO,3,1,SAI-HO,SAI-HO,SAI-HO,แผนกขายต่างประเทศ - ส่วนงานสำนักงานใหญ่,QU6505-00044,"QRB2500005/RBSQ Marketing Co.,Ltd./7-11 Cambodia Stock Size L,M,S",,,,,,1,,,
WSOBK6505-01764,01/06/2565,0,QRB2500005,"RBSQ MARKETING CO.,LTD",K.Bunpot,01/06/2565,,,S3-04,Rungtiwa Hemarak,S21HB090G5XXXHN,H Beam-W900-Black(TOA PC MPNA37-10),ML,ML,Pcs,194.0000,0,0,0,QU6505-00044,"QRB2500005/RBSQ Marketing Co.,Ltd./7-11 Cambodia Stock Size L,M,S",1,1,,0,0,0,0,0,0,0,0,NO,3,1,SAI-HO,SAI-HO,SAI-HO,แผนกขายต่างประเทศ - ส่วนงานสำนักงานใหญ่,QU6505-00044,"QRB2500005/RBSQ Marketing Co.,Ltd./7-11 Cambodia Stock Size L,M,S",,,,,,1,,,
WSOBK6505-01764,01/06/2565,0,QRB2500005,"RBSQ MARKETING CO.,LTD",K.Bunpot,01/06/2565,,,S3-04,Rungtiwa Hemarak,S01PIG5XX187XHN,Pole-I-(H Hold)-(19x38)-H1870-Black(TOA PC MPNA37-10),ML,ML,Pcs,10.0000,0,0,0,QU6505-00044,"QRB2500005/RBSQ Marketing Co.,Ltd./7-11 Cambodia Stock Size L,M,S",1,1,,0,0,0,0,0,0,0,0,NO,3,1,SAI-HO,SAI-HO,SAI-HO,แผนกขายต่างประเทศ - ส่วนงานสำนักงานใหญ่,QU6505-00044,"QRB2500005/RBSQ Marketing Co.,Ltd./7-11 Cambodia Stock Size L,M,S",,,,,,1,,,
WSOBK6505-01764,01/06/2565,0,QRB2500005,"RBSQ MARKETING CO.,LTD",K.Bunpot,01/06/2565,,,S3-04,Rungtiwa Hemarak,S17XX25G5XXBTHN,Bracket-W250-T2.6-Black(TOA PC MPNA37-10),ML,ML,Pcs,1452.0000,0,0,0,QU6505-00044,"QRB2500005/RBSQ Marketing Co.,Ltd./7-11 Cambodia Stock Size L,M,S",1,1,,0,0,0,0,0,0,0,0,NO,3,1,SAI-HO,SAI-HO,SAI-HO,แผนกขายต่างประเทศ - ส่วนงานสำนักงานใหญ่,QU6505-00044,"QRB2500005/RBSQ Marketing Co.,Ltd./7-11 Cambodia Stock Size L,M,S",,,,,,1,,,
WSOBK6505-01764,01/06/2565,0,QRB2500005,"RBSQ MARKETING CO.,LTD",K.Bunpot,01/06/2565,,,S3-04,Rungtiwa Hemarak,S17XX30G5XXBTHN,แขนBracket-W300-T2.6-Black(TOA PC MPNA37-10)-GEN5,ML,ML,Pcs,176.0000,0,0,0,QU6505-00044,"QRB2500005/RBSQ Marketing Co.,Ltd./7-11 Cambodia Stock Size L,M,S",1,1,,0,0,0,0,0,0,0,0,NO,3,1,SAI-HO,SAI-HO,SAI-HO,แผนกขายต่างประเทศ - ส่วนงานสำนักงานใหญ่,QU6505-00044,"QRB2500005/RBSQ Marketing Co.,Ltd./7-11 Cambodia Stock Size L,M,S",,,,,,1,,,
WSOBK6505-01764,01/06/2565,0,QRB2500005,"RBSQ MARKETING CO.,LTD",K.Bunpot,01/06/2565,,,S3-04,Rungtiwa Hemarak,S17XX35G5XXBTHN,แขนBracket-W350-T2.6-Black(TOA PC MPNA37-10)-GEN5,ML,ML,Pcs,178.0000,0,0,0,QU6505-00044,"QRB2500005/RBSQ Marketing Co.,Ltd./7-11 Cambodia Stock Size L,M,S",1,1,,0,0,0,0,0,0,0,0,NO,3,1,SAI-HO,SAI-HO,SAI-HO,แผนกขายต่างประเทศ - ส่วนงานสำนักงานใหญ่,QU6505-00044,"QRB2500005/RBSQ Marketing Co.,Ltd./7-11 Cambodia Stock Size L,M,S",,,,,,1,,,
WSOBK6505-01764,01/06/2565,0,QRB2500005,"RBSQ MARKETING CO.,LTD",K.Bunpot,01/06/2565,,,S3-04,Rungtiwa Hemarak,S02300G5H136XHN,Extention Leg-D300-H136-Black(TOA PC MPNA37-10),ML,ML,Pcs,182.0000,0,0,0,QU6505-00044,"QRB2500005/RBSQ Marketing Co.,Ltd./7-11 Cambodia Stock Size L,M,S",1,1,,0,0,0,0,0,0,0,0,NO,3,1,SAI-HO,SAI-HO,SAI-HO,แผนกขายต่างประเทศ - ส่วนงานสำนักงานใหญ่,QU6505-00044,"QRB2500005/RBSQ Marketing Co.,Ltd./7-11 Cambodia Stock Size L,M,S",,,,,,1,,,
WSOBK6505-01764,01/06/2565,0,QRB2500005,"RBSQ MARKETING CO.,LTD",K.Bunpot,01/06/2565,,,S3-04,Rungtiwa Hemarak,S02400G5H136XHN,ขาต่อExtention Leg-D400-H136-Black(TOA PC MPNA37-10),ML,ML,Pcs,44.0000,0,0,0,QU6505-00044,"QRB2500005/RBSQ Marketing Co.,Ltd./7-11 Cambodia Stock Size L,M,S",1,1,,0,0,0,0,0,0,0,0,NO,3,1,SAI-HO,SAI-HO,SAI-HO,แผนกขายต่างประเทศ - ส่วนงานสำนักงานใหญ่,QU6505-00044,"QRB2500005/RBSQ Marketing Co.,Ltd./7-11 Cambodia Stock Size L,M,S",,,,,,1,,,
WSOBK6505-01764,01/06/2565,0,QRB2500005,"RBSQ MARKETING CO.,LTD",K.Bunpot,01/06/2565,,,S3-04,Rungtiwa Hemarak,S056025WNG5H8AY,"แผ่นชั้น-W600-D250-H8-White(TOA PC MP2472-10)/สปอท,สี,แพ็ค,ขนส่ง",ML,ML,Pcs,140.0000,0,0,0,QU6505-00044,"QRB2500005/RBSQ Marketing Co.,Ltd./7-11 Cambodia Stock Size L,M,S",1,1,,0,0,0,0,0,0,0,0,NO,3,1,SAI-HO,SAI-HO,SAI-HO,แผนกขายต่างประเทศ - ส่วนงานสำนักงานใหญ่,QU6505-00044,"QRB2500005/RBSQ Marketing Co.,Ltd./7-11 Cambodia Stock Size L,M,S",,,,,,1,,,
WSOBK6505-01764,01/06/2565,0,QRB2500005,"RBSQ MARKETING CO.,LTD",K.Bunpot,01/06/2565,,,S3-04,Rungtiwa Hemarak,S056030WNG5H8AY,แผ่นชั้น-W600-D300-H8-White(TOA PC MP2472-10),ML,ML,Pcs,28.0000,0,0,0,QU6505-00044,"QRB2500005/RBSQ Marketing Co.,Ltd./7-11 Cambodia Stock Size L,M,S",1,1,,0,0,0,0,0,0,0,0,NO,3,1,SAI-HO,SAI-HO,SAI-HO,แผนกขายต่างประเทศ - ส่วนงานสำนักงานใหญ่,QU6505-00044,"QRB2500005/RBSQ Marketing Co.,Ltd./7-11 Cambodia Stock Size L,M,S",,,,,,1,,,
WSOBK6505-01764,01/06/2565,0,QRB2500005,"RBSQ MARKETING CO.,LTD",K.Bunpot,01/06/2565,,,S3-04,Rungtiwa Hemarak,S059025WNG5H8AY,แผ่นชั้นShelf-W900-D250-H8-White(TOA PC MP2472-10)-GEN5,ML,ML,Pcs,594.0000,0,0,0,QU6505-00044,"QRB2500005/RBSQ Marketing Co.,Ltd./7-11 Cambodia Stock Size L,M,S",1,1,,0,0,0,0,0,0,0,0,NO,3,1,SAI-HO,SAI-HO,SAI-HO,แผนกขายต่างประเทศ - ส่วนงานสำนักงานใหญ่,QU6505-00044,"QRB2500005/RBSQ Marketing Co.,Ltd./7-11 Cambodia Stock Size L,M,S",,,,,,1,,,
WSOBK6505-01764,01/06/2565,0,QRB2500005,"RBSQ MARKETING CO.,LTD",K.Bunpot,01/06/2565,,,S3-04,Rungtiwa Hemarak,S059030WNG5H8AY,แผ่นชั้นShelf-W900-D300-H8-White(TOA PC MP2472-10)-GEN5,ML,ML,Pcs,145.0000,0,0,0,QU6505-00044,"QRB2500005/RBSQ Marketing Co.,Ltd./7-11 Cambodia Stock Size L,M,S",1,1,,0,0,0,0,0,0,0,0,NO,3,1,SAI-HO,SAI-HO,SAI-HO,แผนกขายต่างประเทศ - ส่วนงานสำนักงานใหญ่,QU6505-00044,"QRB2500005/RBSQ Marketing Co.,Ltd./7-11 Cambodia Stock Size L,M,S",,,,,,1,,,
WSOBK6505-01764,01/06/2565,0,QRB2500005,"RBSQ MARKETING CO.,LTD",K.Bunpot,01/06/2565,,,S3-04,Rungtiwa Hemarak,S059035WNG5H8AY,แผ่นชั้นShelf-W900-D350-H8-White(TOA PC MP2472-10)-GEN5,ML,ML,Pcs,46.0000,0,0,0,QU6505-00044,"QRB2500005/RBSQ Marketing Co.,Ltd./7-11 Cambodia Stock Size L,M,S",1,1,,0,0,0,0,0,0,0,0,NO,3,1,SAI-HO,SAI-HO,SAI-HO,แผนกขายต่างประเทศ - ส่วนงานสำนักงานใหญ่,QU6505-00044,"QRB2500005/RBSQ Marketing Co.,Ltd./7-11 Cambodia Stock Size L,M,S",,,,,,1,,,
WSOBK6505-01764,01/06/2565,0,QRB2500005,"RBSQ MARKETING CO.,LTD",K.Bunpot,01/06/2565,,,S3-04,Rungtiwa Hemarak,S059040WNG5H8AY,แผ่นชั้น-W900-D400-H8-White(TOA PC MP2472-10),ML,ML,Pcs,106.0000,0,0,0,QU6505-00044,"QRB2500005/RBSQ Marketing Co.,Ltd./7-11 Cambodia Stock Size L,M,S",1,1,,0,0,0,0,0,0,0,0,NO,3,1,SAI-HO,SAI-HO,SAI-HO,แผนกขายต่างประเทศ - ส่วนงานสำนักงานใหญ่,QU6505-00044,"QRB2500005/RBSQ Marketing Co.,Ltd./7-11 Cambodia Stock Size L,M,S",,,,,,1,,,
WSOBK6505-01764,01/06/2565,0,QRB2500005,"RBSQ MARKETING CO.,LTD",K.Bunpot,01/06/2565,,,S3-04,Rungtiwa Hemarak,S229030XXG5XXAY,"ตะแกรงขนม-W900-D300-White(TOA PC MP2472-10)-GEN.5/ลวด,สี,แพ็ค,ขนส่ง",ML,ML,Pcs,49.0000,0,0,0,QU6505-00044,"QRB2500005/RBSQ Marketing Co.,Ltd./7-11 Cambodia Stock Size L,M,S",1,1,,0,0,0,0,0,0,0,0,NO,3,1,SAI-HO,SAI-HO,SAI-HO,แผนกขายต่างประเทศ - ส่วนงานสำนักงานใหญ่,QU6505-00044,"QRB2500005/RBSQ Marketing Co.,Ltd./7-11 Cambodia Stock Size L,M,S",,,,,,1,,,
WSOBK6505-01764,01/06/2565,0,QRB2500005,"RBSQ MARKETING CO.,LTD",K.Bunpot,01/06/2565,,,S3-04,Rungtiwa Hemarak,S229035XXG5XXAY,"ตะแกรงขนม-W900-D350-White(TOA PC MP2472-10)-GEN.5/ลวด,สี,แพ็ค,ขนส่ง",ML,ML,Pcs,37.0000,0,0,0,QU6505-00044,"QRB2500005/RBSQ Marketing Co.,Ltd./7-11 Cambodia Stock Size L,M,S",1,1,,0,0,0,0,0,0,0,0,NO,3,1,SAI-HO,SAI-HO,SAI-HO,แผนกขายต่างประเทศ - ส่วนงานสำนักงานใหญ่,QU6505-00044,"QRB2500005/RBSQ Marketing Co.,Ltd./7-11 Cambodia Stock Size L,M,S",,,,,,1,,,
WSOBK6505-01764,01/06/2565,0,QRB2500005,"RBSQ MARKETING CO.,LTD",K.Bunpot,01/06/2565,,,S3-04,Rungtiwa Hemarak,CPSP004G5AY,Shelf Cream Pack-W900-D200-H185-White(TOA PC MP2472-10)-GEN5,ML,ML,Pcs,3.0000,0,0,0,QU6505-00044,"QRB2500005/RBSQ Marketing Co.,Ltd./7-11 Cambodia Stock Size L,M,S",1,1,,0,0,0,0,0,0,0,0,NO,3,1,SAI-HO,SAI-HO,SAI-HO,แผนกขายต่างประเทศ - ส่วนงานสำนักงานใหญ่,QU6505-00044,"QRB2500005/RBSQ Marketing Co.,Ltd./7-11 Cambodia Stock Size L,M,S",,,,,,1,,,
WSOBK6505-01764,01/06/2565,0,QRB2500005,"RBSQ MARKETING CO.,LTD",K.Bunpot,01/06/2565,,,S3-04,Rungtiwa Hemarak,S1590A610139XXC,ป้ายราคาData-Strip-W900-Gen5-2in1-20mm.-Clear,ML,ML,Pcs,69.0000,0,0,0,QU6505-00044,"QRB2500005/RBSQ Marketing Co.,Ltd./7-11 Cambodia Stock Size L,M,S",1,1,,0,0,0,0,0,0,0,0,NO,3,1,SAI-HO,SAI-HO,SAI-HO,แผนกขายต่างประเทศ - ส่วนงานสำนักงานใหญ่,QU6505-00044,"QRB2500005/RBSQ Marketing Co.,Ltd./7-11 Cambodia Stock Size L,M,S",,,,,,1,,,
WSOBK6505-01764,01/06/2565,0,QRB2500005,"RBSQ MARKETING CO.,LTD",K.Bunpot,01/06/2565,,,S3-04,Rungtiwa Hemarak,S1590BKK18089XC,ป้ายราคาData-Strip-W900-3in1-20mm.-Clear,ML,ML,Pcs,1029.0000,0,0,0,QU6505-00044,"QRB2500005/RBSQ Marketing Co.,Ltd./7-11 Cambodia Stock Size L,M,S",1,1,,0,0,0,0,0,0,0,0,NO,3,1,SAI-HO,SAI-HO,SAI-HO,แผนกขายต่างประเทศ - ส่วนงานสำนักงานใหญ่,QU6505-00044,"QRB2500005/RBSQ Marketing Co.,Ltd./7-11 Cambodia Stock Size L,M,S",,,,,,1,,,
WSOBK6505-01764,01/06/2565,0,QRB2500005,"RBSQ MARKETING CO.,LTD",K.Bunpot,01/06/2565,,,S3-04,Rungtiwa Hemarak,S1560BKK18089XC,ป้ายราคาData-Strip-W600-3in1-20mm.-Clear,ML,ML,Pcs,168.0000,0,0,0,QU6505-00044,"QRB2500005/RBSQ Marketing Co.,Ltd./7-11 Cambodia Stock Size L,M,S",1,1,,0,0,0,0,0,0,0,0,NO,3,1,SAI-HO,SAI-HO,SAI-HO,แผนกขายต่างประเทศ - ส่วนงานสำนักงานใหญ่,QU6505-00044,"QRB2500005/RBSQ Marketing Co.,Ltd./7-11 Cambodia Stock Size L,M,S",,,,,,1,,,
WSOBK6505-01764,01/06/2565,0,QRB2500005,"RBSQ MARKETING CO.,LTD",K.Bunpot,01/06/2565,,,S3-04,Rungtiwa Hemarak,CP010025HN-1,ชุดโครง-ชั้นวางกล้วย-W416-D350-H1650-Black(TOA PC MPNA37-10),ML,ML,Pcs,3.0000,0,0,0,QU6505-00044,"QRB2500005/RBSQ Marketing Co.,Ltd./7-11 Cambodia Stock Size L,M,S",1,1,,0,0,0,0,0,0,0,0,NO,3,1,SAI-HO,SAI-HO,SAI-HO,แผนกขายต่างประเทศ - ส่วนงานสำนักงานใหญ่,QU6505-00044,"QRB2500005/RBSQ Marketing Co.,Ltd./7-11 Cambodia Stock Size L,M,S",,,,,,1,,,
WSOBK6505-01764,01/06/2565,0,QRB2500005,"RBSQ MARKETING CO.,LTD",K.Bunpot,01/06/2565,,,S3-04,Rungtiwa Hemarak,S1490127RTG5XHN,คิกเพท-W900-H127-สีดำ-Black(TOA PC MPNA37-10-GEN5,ML,ML,Pcs,146.0000,0,0,0,QU6505-00044,"QRB2500005/RBSQ Marketing Co.,Ltd./7-11 Cambodia Stock Size L,M,S",1,1,,0,0,0,0,0,0,0,0,NO,3,1,SAI-HO,SAI-HO,SAI-HO,แผนกขายต่างประเทศ - ส่วนงานสำนักงานใหญ่,QU6505-00044,"QRB2500005/RBSQ Marketing Co.,Ltd./7-11 Cambodia Stock Size L,M,S",,,,,,1,,,
WSOBK6505-01764,01/06/2565,0,QRB2500005,"RBSQ MARKETING CO.,LTD",K.Bunpot,01/06/2565,,,S3-04,Rungtiwa Hemarak,S1460127RTG5XHN,คิกเพท-W600-H127-สีดำ-Black(TOA PC MPNA37-10)-GEN5,ML,ML,Pcs,22.0000,0,0,0,QU6505-00044,"QRB2500005/RBSQ Marketing Co.,Ltd./7-11 Cambodia Stock Size L,M,S",1,1,,0,0,0,0,0,0,0,0,NO,3,1,SAI-HO,SAI-HO,SAI-HO,แผนกขายต่างประเทศ - ส่วนงานสำนักงานใหญ่,QU6505-00044,"QRB2500005/RBSQ Marketing Co.,Ltd./7-11 Cambodia Stock Size L,M,S",,,,,,1,,,
WSOBK6505-01764,01/06/2565,0,QRB2500005,"RBSQ MARKETING CO.,LTD",K.Bunpot,01/06/2565,,,S3-04,Rungtiwa Hemarak,S01P1G5H1187XHN,Pole-I-(H Hold)-(19x38)-H1870-Black(TOA PC MPNA37-10)-(มีรูเสาด้านเดียว),ML,ML,Pcs,25.0000,0,0,0,QU6505-00044,"QRB2500005/RBSQ Marketing Co.,Ltd./7-11 Cambodia Stock Size L,M,S",1,1,,0,0,0,0,0,0,0,0,NO,3,1,SAI-HO,SAI-HO,SAI-HO,แผนกขายต่างประเทศ - ส่วนงานสำนักงานใหญ่,QU6505-00044,"QRB2500005/RBSQ Marketing Co.,Ltd./7-11 Cambodia Stock Size L,M,S",,,,,,1,,,
WSOBK6505-01764,01/06/2565,0,QRB2500005,"RBSQ MARKETING CO.,LTD",K.Bunpot,01/06/2565,,,S3-04,Rungtiwa Hemarak,S0690D945BLG5HN,ผนังหลังทึบBack Panel-W900-D9-H450-Black(TOA PC MPNA37-10)-GEN5,ML,ML,Pcs,64.0000,0,0,0,QU6505-00044,"QRB2500005/RBSQ Marketing Co.,Ltd./7-11 Cambodia Stock Size L,M,S",1,1,,0,0,0,0,0,0,0,0,NO,3,1,SAI-HO,SAI-HO,SAI-HO,แผนกขายต่างประเทศ - ส่วนงานสำนักงานใหญ่,QU6505-00044,"QRB2500005/RBSQ Marketing Co.,Ltd./7-11 Cambodia Stock Size L,M,S",,,,,,1,,,
WSOBK6505-01764,01/06/2565,0,QRB2500005,"RBSQ MARKETING CO.,LTD",K.Bunpot,01/06/2565,,,S3-04,Rungtiwa Hemarak,S228060XXSTQ001,ตะแกรง-W800-D600-(ชั้น)-CL(ha02-90),ML,ML,Pcs,36.0000,0,0,0,QU6505-00044,"QRB2500005/RBSQ Marketing Co.,Ltd./7-11 Cambodia Stock Size L,M,S",1,1,,0,0,0,0,0,0,0,0,NO,3,1,SAI-HO,SAI-HO,SAI-HO,แผนกขายต่างประเทศ - ส่วนงานสำนักงานใหญ่,QU6505-00044,"QRB2500005/RBSQ Marketing Co.,Ltd./7-11 Cambodia Stock Size L,M,S",,,,,,1,,,
WSOBK6505-01764,01/06/2565,0,QRB2500005,"RBSQ MARKETING CO.,LTD",K.Bunpot,01/06/2565,,,S3-04,Rungtiwa Hemarak,S0590PXXCAG5XAY,แผ่นชั้นแคนดี้-W900-White(TOA PC MP2472-10)-GEN5-เกี่ยวเสา,ML,ML,Pcs,50.0000,0,0,0,QU6505-00044,"QRB2500005/RBSQ Marketing Co.,Ltd./7-11 Cambodia Stock Size L,M,S",1,1,,0,0,0,0,0,0,0,0,NO,3,1,SAI-HO,SAI-HO,SAI-HO,แผนกขายต่างประเทศ - ส่วนงานสำนักงานใหญ่,QU6505-00044,"QRB2500005/RBSQ Marketing Co.,Ltd./7-11 Cambodia Stock Size L,M,S",,,,,,1,,,
WSOBK6505-01764,01/06/2565,0,QRB2500005,"RBSQ MARKETING CO.,LTD",K.Bunpot,01/06/2565,,,S3-04,Rungtiwa Hemarak,S1490127HVG5XHN,คิกเพทKick Plate-W900-H127-Black(TOA PC MPNA37-10)-GEN5,ML,ML,Pcs,9.0000,0,0,0,QU6505-00044,"QRB2500005/RBSQ Marketing Co.,Ltd./7-11 Cambodia Stock Size L,M,S",1,1,,0,0,0,0,0,0,0,0,NO,3,1,SAI-HO,SAI-HO,SAI-HO,แผนกขายต่างประเทศ - ส่วนงานสำนักงานใหญ่,QU6505-00044,"QRB2500005/RBSQ Marketing Co.,Ltd./7-11 Cambodia Stock Size L,M,S",,,,,,1,,,
WSOBK6505-01764,01/06/2565,0,QRB2500005,"RBSQ MARKETING CO.,LTD",K.Bunpot,01/06/2565,,,S3-04,Rungtiwa Hemarak,S01PIG5XX165XHN,Pole-I-(H Hold)-(19x38)-H1650-Black(TOA PC MPNA37-10),ML,ML,Pcs,91.0000,0,0,0,QU6505-00044,"QRB2500005/RBSQ Marketing Co.,Ltd./7-11 Cambodia Stock Size L,M,S",1,1,,0,0,0,0,0,0,0,0,NO,3,1,SAI-HO,SAI-HO,SAI-HO,แผนกขายต่างประเทศ - ส่วนงานสำนักงานใหญ่,QU6505-00044,"QRB2500005/RBSQ Marketing Co.,Ltd./7-11 Cambodia Stock Size L,M,S",,,,,,1,,,
WSOBK6505-01764,01/06/2565,0,QRB2500005,"RBSQ MARKETING CO.,LTD",K.Bunpot,01/06/2565,,,S3-04,Rungtiwa Hemarak,S02200G5H136XHN,Extention Leg-D200-H136-Black(TOA PC MPNA37-10),ML,ML,Pcs,10.0000,0,0,0,QU6505-00044,"QRB2500005/RBSQ Marketing Co.,Ltd./7-11 Cambodia Stock Size L,M,S",1,1,,0,0,0,0,0,0,0,0,NO,3,1,SAI-HO,SAI-HO,SAI-HO,แผนกขายต่างประเทศ - ส่วนงานสำนักงานใหญ่,QU6505-00044,"QRB2500005/RBSQ Marketing Co.,Ltd./7-11 Cambodia Stock Size L,M,S",,,,,,1,,,
WSOBK6505-01764,01/06/2565,0,QRB2500005,"RBSQ MARKETING CO.,LTD",K.Bunpot,01/06/2565,,,S3-04,Rungtiwa Hemarak,S02400G5XX2SXHN,Extention Leg 2 Side-D400-H136-Black(TOA PC MPNA37-10),ML,ML,Pcs,10.0000,0,0,0,QU6505-00044,"QRB2500005/RBSQ Marketing Co.,Ltd./7-11 Cambodia Stock Size L,M,S",1,1,,0,0,0,0,0,0,0,0,NO,3,1,SAI-HO,SAI-HO,SAI-HO,แผนกขายต่างประเทศ - ส่วนงานสำนักงานใหญ่,QU6505-00044,"QRB2500005/RBSQ Marketing Co.,Ltd./7-11 Cambodia Stock Size L,M,S",,,,,,1,,,
WSOBK6505-01764,01/06/2565,0,QRB2500005,"RBSQ MARKETING CO.,LTD",K.Bunpot,01/06/2565,,,S3-04,Rungtiwa Hemarak,SP010012HN,Back Support Connector-(OUT)-W100-D40-H30-Black(TOA PC MPNA37-10),ML,ML,Pcs,26.0000,0,0,0,QU6505-00044,"QRB2500005/RBSQ Marketing Co.,Ltd./7-11 Cambodia Stock Size L,M,S",1,1,,0,0,0,0,0,0,0,0,NO,3,1,SAI-HO,SAI-HO,SAI-HO,แผนกขายต่างประเทศ - ส่วนงานสำนักงานใหญ่,QU6505-00044,"QRB2500005/RBSQ Marketing Co.,Ltd./7-11 Cambodia Stock Size L,M,S",,,,,,1,,,
WSOBK6505-01764,01/06/2565,0,QRB2500005,"RBSQ MARKETING CO.,LTD",K.Bunpot,01/06/2565,,,S3-04,Rungtiwa Hemarak,S17XX20G5XXBTHN,แขนBracket-W200-T2.6-Black(TOA PC MPNA37-10)-GEN5,ML,ML,Pcs,96.0000,0,0,0,QU6505-00044,"QRB2500005/RBSQ Marketing Co.,Ltd./7-11 Cambodia Stock Size L,M,S",1,1,,0,0,0,0,0,0,0,0,NO,3,1,SAI-HO,SAI-HO,SAI-HO,แผนกขายต่างประเทศ - ส่วนงานสำนักงานใหญ่,QU6505-00044,"QRB2500005/RBSQ Marketing Co.,Ltd./7-11 Cambodia Stock Size L,M,S",,,,,,1,,,
WSOBK6505-01764,01/06/2565,0,QRB2500005,"RBSQ MARKETING CO.,LTD",K.Bunpot,01/06/2565,,,S3-04,Rungtiwa Hemarak,S17XX40UNBTG5HN,แขนBracket for Heavy Shelf-D400-H60-Black(TOA PC MPNA37-10)-GEN5,ML,ML,Pcs,262.0000,0,0,0,QU6505-00044,"QRB2500005/RBSQ Marketing Co.,Ltd./7-11 Cambodia Stock Size L,M,S",1,1,,0,0,0,0,0,0,0,0,NO,3,1,SAI-HO,SAI-HO,SAI-HO,แผนกขายต่างประเทศ - ส่วนงานสำนักงานใหญ่,QU6505-00044,"QRB2500005/RBSQ Marketing Co.,Ltd./7-11 Cambodia Stock Size L,M,S",,,,,,1,,,
WSOBK6505-01764,01/06/2565,0,QRB2500005,"RBSQ MARKETING CO.,LTD",K.Bunpot,01/06/2565,,,S3-04,Rungtiwa Hemarak,S31XXXXXXXXG5HA,Plastic Cap Gen5-Black,ML,ML,Pcs,191.0000,0,0,0,QU6505-00044,"QRB2500005/RBSQ Marketing Co.,Ltd./7-11 Cambodia Stock Size L,M,S",1,1,,0,0,0,0,0,0,0,0,NO,3,1,SAI-HO,SAI-HO,SAI-HO,แผนกขายต่างประเทศ - ส่วนงานสำนักงานใหญ่,QU6505-00044,"QRB2500005/RBSQ Marketing Co.,Ltd./7-11 Cambodia Stock Size L,M,S",,,,,,1,,,
WSOBK6505-01764,01/06/2565,0,QRB2500005,"RBSQ MARKETING CO.,LTD",K.Bunpot,01/06/2565,,,S3-04,Rungtiwa Hemarak,S4412587ITKO001,สติ๊กเกอร์Set-Sticker-W1250-D87-Orange+ติดกันตก-Wire Wing 24 Shopping(7-11)(IT),ML,ML,Pcs,2.0000,0,0,0,QU6505-00044,"QRB2500005/RBSQ Marketing Co.,Ltd./7-11 Cambodia Stock Size L,M,S",1,1,,0,0,0,0,0,0,0,0,NO,3,1,SAI-HO,SAI-HO,SAI-HO,แผนกขายต่างประเทศ - ส่วนงานสำนักงานใหญ่,QU6505-00044,"QRB2500005/RBSQ Marketing Co.,Ltd./7-11 Cambodia Stock Size L,M,S",,,,,,1,,,
WSOBK6505-01764,01/06/2565,0,QRB2500005,"RBSQ MARKETING CO.,LTD",K.Bunpot,01/06/2565,,,S3-04,Rungtiwa Hemarak,S4412587BTKO001,สติ๊กเกอร์Set-Sticker-W1250-D87-Orange+ติดกันตก-Wire Wing 24 Shopping(7-11)(Beauty),ML,ML,Pcs,2.0000,0,0,0,QU6505-00044,"QRB2500005/RBSQ Marketing Co.,Ltd./7-11 Cambodia Stock Size L,M,S",1,1,,0,0,0,0,0,0,0,0,NO,3,1,SAI-HO,SAI-HO,SAI-HO,แผนกขายต่างประเทศ - ส่วนงานสำนักงานใหญ่,QU6505-00044,"QRB2500005/RBSQ Marketing Co.,Ltd./7-11 Cambodia Stock Size L,M,S",,,,,,1,,,
WSOBK6505-01764,01/06/2565,0,QRB2500005,"RBSQ MARKETING CO.,LTD",K.Bunpot,01/06/2565,,,S3-04,Rungtiwa Hemarak,SP010010QA,คานยึดเสา Shelf Stock-W1200-Cream(ha02-90)-แบบเกี่ยวเสา,ML,ML,Pcs,6.0000,0,0,0,QU6505-00044,"QRB2500005/RBSQ Marketing Co.,Ltd./7-11 Cambodia Stock Size L,M,S",1,1,,0,0,0,0,0,0,0,0,NO,3,1,SAI-HO,SAI-HO,SAI-HO,แผนกขายต่างประเทศ - ส่วนงานสำนักงานใหญ่,QU6505-00044,"QRB2500005/RBSQ Marketing Co.,Ltd./7-11 Cambodia Stock Size L,M,S",,,,,,1,,,
WSOBK6505-01764,01/06/2565,0,QRB2500005,"RBSQ MARKETING CO.,LTD",K.Bunpot,01/06/2565,,,S3-04,Rungtiwa Hemarak,S029XXXXXXXXXQA,ตัวดันหลัง Pusher L.29 T Rail For ถาด Fix ABS-Cream(ha02-90),ML,ML,Pcs,255.0000,0,0,0,QU6505-00044,"QRB2500005/RBSQ Marketing Co.,Ltd./7-11 Cambodia Stock Size L,M,S",1,1,,0,0,0,0,0,0,0,0,NO,3,1,SAI-HO,SAI-HO,SAI-HO,แผนกขายต่างประเทศ - ส่วนงานสำนักงานใหญ่,QU6505-00044,"QRB2500005/RBSQ Marketing Co.,Ltd./7-11 Cambodia Stock Size L,M,S",,,,,,1,,,
WSOBK6505-01764,01/06/2565,0,QRB2500005,"RBSQ MARKETING CO.,LTD",K.Bunpot,01/06/2565,,,S3-04,Rungtiwa Hemarak,RV-03,Wooden Packing,ML,ML,งาน,3.0000,0,0,0,QU6505-00044,"QRB2500005/RBSQ Marketing Co.,Ltd./7-11 Cambodia Stock Size L,M,S",1,1,,0,0,0,0,0,0,0,0,NO,3,1,SAI-HO,SAI-HO,SAI-HO,แผนกขายต่างประเทศ - ส่วนงานสำนักงานใหญ่,QU6505-00044,"QRB2500005/RBSQ Marketing Co.,Ltd./7-11 Cambodia Stock Size L,M,S",,,,,,1,,,
WSOBK6505-01764,01/06/2565,0,QRB2500005,"RBSQ MARKETING CO.,LTD",K.Bunpot,01/06/2565,,,S3-04,Rungtiwa Hemarak,CPSH090100G5SAY,Shelf-W900-D100-H10-Steel-White(TOA PC MP2472-10)-GEN5,ML,ML,Pcs,2.0000,0,0,0,QU6505-00044,"QRB2500005/RBSQ Marketing Co.,Ltd./7-11 Cambodia Stock Size L,M,S",1,1,,0,0,0,0,0,0,0,0,NO,3,1,SAI-HO,SAI-HO,SAI-HO,แผนกขายต่างประเทศ - ส่วนงานสำนักงานใหญ่,QU6505-00044,"QRB2500005/RBSQ Marketing Co.,Ltd./7-11 Cambodia Stock Size L,M,S",,,,,,1,,,
WSOBK6505-01764,01/06/2565,0,QRB2500005,"RBSQ MARKETING CO.,LTD",K.Bunpot,01/06/2565,,,S3-04,Rungtiwa Hemarak,S0820D4G52BRXHN,ฮุกHook-W200-Dia.4mm.-(2 deck)-Black(TOA PC MPNA37-10)(W/Name)-GEN5,ML,ML,Pcs,22.0000,0,0,0,QU6505-00044,"QRB2500005/RBSQ Marketing Co.,Ltd./7-11 Cambodia Stock Size L,M,S",1,1,,0,0,0,0,0,0,0,0,NO,3,1,SAI-HO,SAI-HO,SAI-HO,แผนกขายต่างประเทศ - ส่วนงานสำนักงานใหญ่,QU6505-00044,"QRB2500005/RBSQ Marketing Co.,Ltd./7-11 Cambodia Stock Size L,M,S",,,,,,1,,,
WSOBK6505-01764,01/06/2565,0,QRB2500005,"RBSQ MARKETING CO.,LTD",K.Bunpot,01/06/2565,,,S3-04,Rungtiwa Hemarak,S47604330G5XXHN,Clip Lock-Wire Wing-W60-D43-H30.5-Black(TOA PC MPNA37-10),ML,ML,Pcs,39.0000,0,0,0,QU6505-00044,"QRB2500005/RBSQ Marketing Co.,Ltd./7-11 Cambodia Stock Size L,M,S",1,1,,0,0,0,0,0,0,0,0,NO,3,1,SAI-HO,SAI-HO,SAI-HO,แผนกขายต่างประเทศ - ส่วนงานสำนักงานใหญ่,QU6505-00044,"QRB2500005/RBSQ Marketing Co.,Ltd./7-11 Cambodia Stock Size L,M,S",,,,,,1,,,
WSOBK6505-01764,01/06/2565,0,QRB2500005,"RBSQ MARKETING CO.,LTD",K.Bunpot,01/06/2565,,,S3-04,Rungtiwa Hemarak,S20299050XG4HN,Wire Wing Shelf -W295-D90-H50-Black(TOA PC MPNA37-10),ML,ML,Pcs,3.0000,0,0,0,QU6505-00044,"QRB2500005/RBSQ Marketing Co.,Ltd./7-11 Cambodia Stock Size L,M,S",1,1,,0,0,0,0,0,0,0,0,NO,3,1,SAI-HO,SAI-HO,SAI-HO,แผนกขายต่างประเทศ - ส่วนงานสำนักงานใหญ่,QU6505-00044,"QRB2500005/RBSQ Marketing Co.,Ltd./7-11 Cambodia Stock Size L,M,S",,,,,,1,,,
WSOBK6505-01764,01/06/2565,0,QRB2500005,"RBSQ MARKETING CO.,LTD",K.Bunpot,01/06/2565,,,S3-04,Rungtiwa Hemarak,S22291113XG4HN,Wire Wing Basket-W295-D115-H131-Black(TOA PC MPNA37-10),ML,ML,Pcs,3.0000,0,0,0,QU6505-00044,"QRB2500005/RBSQ Marketing Co.,Ltd./7-11 Cambodia Stock Size L,M,S",1,1,,0,0,0,0,0,0,0,0,NO,3,1,SAI-HO,SAI-HO,SAI-HO,แผนกขายต่างประเทศ - ส่วนงานสำนักงานใหญ่,QU6505-00044,"QRB2500005/RBSQ Marketing Co.,Ltd./7-11 Cambodia Stock Size L,M,S",,,,,,1,,,
WSOBK6505-01764,01/06/2565,0,QRB2500005,"RBSQ MARKETING CO.,LTD",K.Bunpot,01/06/2565,,,S3-04,Rungtiwa Hemarak,S22301013XG4HN,Wire Wing Structure-W300-D100-H1350-Black(TOA PC MPNA37-10),ML,ML,Pcs,3.0000,0,0,0,QU6505-00044,"QRB2500005/RBSQ Marketing Co.,Ltd./7-11 Cambodia Stock Size L,M,S",1,1,,0,0,0,0,0,0,0,0,NO,3,1,SAI-HO,SAI-HO,SAI-HO,แผนกขายต่างประเทศ - ส่วนงานสำนักงานใหญ่,QU6505-00044,"QRB2500005/RBSQ Marketing Co.,Ltd./7-11 Cambodia Stock Size L,M,S",,,,,,1,,,
WSOBK6505-01764,01/06/2565,0,QRB2500005,"RBSQ MARKETING CO.,LTD",K.Bunpot,01/06/2565,,,S3-04,Rungtiwa Hemarak,S0930XXXRTG4HN,Wire Wing Bar-W300-Black(TOA PC MPNA37-10),ML,ML,Pcs,6.0000,0,0,0,QU6505-00044,"QRB2500005/RBSQ Marketing Co.,Ltd./7-11 Cambodia Stock Size L,M,S",1,1,,0,0,0,0,0,0,0,0,NO,3,1,SAI-HO,SAI-HO,SAI-HO,แผนกขายต่างประเทศ - ส่วนงานสำนักงานใหญ่,QU6505-00044,"QRB2500005/RBSQ Marketing Co.,Ltd./7-11 Cambodia Stock Size L,M,S",,,,,,1,,,
WSOBK6505-01764,01/06/2565,0,QRB2500005,"RBSQ MARKETING CO.,LTD",K.Bunpot,01/06/2565,,,S3-04,Rungtiwa Hemarak,S01X50180XFQ001,เสา-F-D500-H1800-CL(ha02-90)-(หลังร้าน),ML,ML,Pcs,21.0000,0,0,0,QU6505-00044,"QRB2500005/RBSQ Marketing Co.,Ltd./7-11 Cambodia Stock Size L,M,S",1,1,,0,0,0,0,0,0,0,0,NO,3,1,SAI-HO,SAI-HO,SAI-HO,แผนกขายต่างประเทศ - ส่วนงานสำนักงานใหญ่,QU6505-00044,"QRB2500005/RBSQ Marketing Co.,Ltd./7-11 Cambodia Stock Size L,M,S",,,,,,1,,,
